parent_sku,variant_sku,current_ex_vat,calculated_website_incl_vat,source_purchase_ex_vat,source_retail_incl_vat,proposed_ex_vat,vat_percent
9090-065-G,9090-065-G,1234.0,1492.95,1234,2987.0,2468.595,21
9090-065-G,9090-065-K,1234.0,1492.95,1234,2987.0,2468.595,21
9090-065-G,9090-065-P,1390.0,1681.95,1390,3364.0,2780.1653,21
9090-065-G,9090-065-D,1160.0,1403.95,1160,2808.0,2320.6612,21
9090-066-G,9090-066-G,1234.0,1492.95,1234,2987.0,2468.595,21
9090-066-G,9090-066-K,1234.0,1492.95,1234,2987.0,2468.595,21
9090-066-G,9090-066-P,1390.0,1681.95,1390,3364.0,2780.1653,21
9090-066-G,9090-066-D,1160.0,1403.95,1160,2808.0,2320.6612,21
9270-007-A,9270-007-A,1040.0,1257.95,1040,2517.0,2080.1653,21
9270-007-A,9270-008-A,1040.0,1257.95,1040,2517.0,2080.1653,21
9270-007-A,9270-002-A,578.0,698.95,578,1399.0,1156.1983,21
CLA-019-1011,CLA-019-1011,2540.0,3072.95,2540,6147.0,5080.1653,21
CLA-019-1011,CLA-019-1211,2732.0,3305.95,2732,6612.0,5464.4628,21
CLA-019-105,CLA-019-105,2342.0,2833.95,2342,5668.0,4684.2975,21
CLA-019-105,CLA-019-125,2600.0,3146,2600,6292.0,5200.0,21
CLA-020-101,CLA-020-101,3362.0,4067.95,3362,8137.0,6724.7934,21
CLA-020-101,CLA-020-121,3814.0,4614.95,3814,9230.0,7628.0992,21
CLA-021-102,CLA-021-102,1648.0,1993.95,1648,3988.0,3295.8678,21
CLA-021-102,CLA-025V-129,2340.0,2830.95,2340,5663.0,4680.1653,21
CLA-022-065,CLA-022-065,964.0,1165.95,964,2333.0,1928.0992,21
CLA-022-065,CLA-022-066,1048.0,1267.95,1048,2537.0,2096.6942,21
CLA-022-101,CLA-022-101,2082.0,2518.95,2082,5039.0,4164.4628,21
CLA-022-101,CLA-022-121,2242.0,2712.95,2242,5426.0,4484.2975,21
CLA-022-102,CLA-022-102,3544.0,4287.95,3544,8577.0,7088.4298,21
CLA-022-102,CLA-022-122,3876.0,4689.95,3876,9380.0,7752.0661,21
CLA-022-103,CLA-022-103,1662.0,2010.95,1662,4023.0,3324.7934,21
CLA-022-103,CLA-022-123,1782.0,2155.95,1782,4313.0,3564.4628,21
CLA-023-013,CLA-023-013,3036.0,3673.95,3036,7348.0,6072.7273,21
CLA-023-013,CLA-023-012,3036.0,3673.95,3036,7348.0,6072.7273,21
CLA-024-054,CLA-024-054,6278.0,7595.95,6278,15193.0,12556.1983,21
CLA-024-054,CLA-024-053,5678.0,6869.95,5678,13741.0,11356.1983,21
CLA-024-062,CLA-024-062,922.0,1115.95,922,2232.0,1844.6281,21
CLA-024-062,CLA-024-061,922.0,1115.95,922,2232.0,1844.6281,21
CLA-024-065,CLA-024-065,1168.0,1412.95,1168,2827.0,2336.3636,21
CLA-024-065,CLA-024-066,1394.0,1686.95,1394,3374.0,2788.4298,21
CLA-024-068,CLA-024-068,1662.0,2010.95,1662,4023.0,3324.7934,21
CLA-024-068,CLA-024-063,1842.0,2228.95,1842,4458.0,3684.2975,21
CLA-024-102,CLA-024-102,2756.0,3334.95,2756,6670.0,5512.3967,21
CLA-024-102,CLA-024-122,3000.0,3630,3000,7260.0,6000.0,21
CLA-024-103,CLA-024-103,3610.0,4367.95,3610,8737.0,7220.6612,21
CLA-024-103,CLA-024-123,3772.0,4563.95,3772,9129.0,7544.6281,21
CLA-024-105,CLA-024-105,3108.0,3760.95,3108,7522.0,6216.5289,21
CLA-024-105,CLA-024-125,3390.0,4101.95,3390,8204.0,6780.1653,21
CLA-024-284,CLA-024-284,840.0,1015.95,840,2033.0,1680.1653,21
CLA-024-284,CLA-024-283,812.0,982.95,812,1966.0,1624.7934,21
CLA-024-291,CLA-024-291,964.0,1165.95,964,2333.0,1928.0992,21
CLA-024-291,CLA-024-292,964.0,1165.95,964,2333.0,1928.0992,21
CLA-024-4013,CLA-024-4013,2832.0,3426.95,2832,6854.0,5664.4628,21
CLA-024-4013,CLA-024-4014,2164.0,2617.95,2164,5237.0,4328.0992,21
CLA-024-4017,CLA-024-4017,866.0,1047.95,866,2096.0,1732.2314,21
CLA-024-4017,CLA-024-4018,770.0,931.95,770,1864.0,1540.4959,21
CLA-024-406,CLA-024-406,2746.0,3322.95,2746,6646.0,5492.562,21
CLA-024-406,CLA-024-4015,3326.0,4023.95,3326,8049.0,6652.0661,21
CLA-024-406,CLA-024-4016,2526.0,3055.95,2526,6113.0,5052.0661,21
CLA-024-409,CLA-024-409,1272.0,1538.95,1272,3079.0,2544.6281,21
CLA-024-409,CLA-024-407,2292.0,2772.95,2292,5547.0,4584.2975,21
CLA-024-409,CLA-024-408,2350.0,2843.95,2350,5687.0,4700.0,21
CLA-024-414,CLA-024-414,838.0,1013.95,838,2028.0,1676.0331,21
CLA-024-414,CLA-024-415,838.0,1013.95,838,2028.0,1676.0331,21
CLA-024-421,CLA-024-421,742.0,897.95,742,1796.0,1484.2975,21
CLA-024-421,CLA-024-422,912.0,1103.95,912,2208.0,1824.7934,21
CLA-024-426,CLA-024-426,572.0,691.95,572,1385.0,1144.6281,21
CLA-024-426,CLA-024-427,572.0,691.95,572,1385.0,1144.6281,21
CLA-024-533,CLA-024-533,5082.0,6148.95,5082,12299.0,10164.4628,21
CLA-024-533,CLA-024-534,5846.0,7073.95,5846,14148.0,11692.562,21
CLA-025-101-B,CLA-025-101-B,2648.0,3203.95,2648,6409.0,5296.6942,21
CLA-025-101-B,CLA-025-121-B,3032.0,3668.95,3032,7338.0,6064.4628,21
CLA-025-106-B,CLA-025-106-B,1748.0,2114.95,1748,4230.0,3495.8678,21
CLA-025-106-B,CLA-025-126-B,1998.0,2417.95,1998,4835.0,3995.8678,21
CLA-025V-1010,CLA-025V-1010,3016.0,3648.95,3016,7299.0,6032.2314,21
CLA-025V-1010,CLA-025V-1210,3384.0,4094.95,3384,8190.0,6768.595,21
CLA-025V-104-B,CLA-025V-104-B,2042.0,2470.95,2042,4941.0,4083.4711,21
CLA-025V-104-B,CLA-025V-124-B,2340.0,2830.95,2340,5663.0,4680.1653,21
CLA-025V-105-B,CLA-025V-105-B,2082.0,2518.95,2082,5038.0,4163.6364,21
CLA-025V-105-B,CLA-025V-125-B,2224.0,2690.95,2224,5425.0,4483.4711,21
CLA-025V-107,CLA-025V-107,2076.0,2511.95,2076,5024.0,4152.0661,21
CLA-025V-107,CLA-025V-127,2232.0,2700.95,2232,5402.0,4464.4628,21
CLA-025V-108,CLA-025V-108,2928.0,3542.95,2928,7086.0,5856.1983,21
CLA-025V-108,CLA-025V-128,3086.0,3733.95,3086,7469.0,6172.7273,21
CLA-422-102,CLA-422-102,2530.0,3060.95,2530,6123.0,5060.3306,21
CLA-422-102,CLA-422-122,2718.0,3288.95,2718,6578.0,5436.3636,21
CLA-424-031,CLA-424-031,3946.0,4774.95,3946,9550.0,7892.562,21
CLA-424-031,CLA-424-036,3686.0,4459.95,3686,8921.0,7372.7273,21
CLA-424-034,CLA-424-034,4306.0,5209.95,4306,10421.0,8612.3967,21
CLA-424-034,CLA-424-035,4096.0,4955.95,4096,9913.0,8192.562,21
CLA-424-0615,CLA-424-0615,1468.0,1775.95,1468,3553.0,2936.3636,21
CLA-424-0615,CLA-424-0616,1384.0,1674.95,1384,3350.0,2768.595,21
CLA-424-065,CLA-424-065,1532.0,1853.95,1532,3708.0,3064.4628,21
CLA-424-065,CLA-424-0617,1468.0,1775.95,1468,3553.0,2936.3636,21
CLA-424-065,CLA-424-067,1468.0,1775.95,1468,3553.0,2936.3636,21
CLA-424-066,CLA-424-066,1994.0,2412.95,1994,4826.0,3988.4298,21
CLA-424-066,CLA-424-068,1912.0,2313.95,1912,4628.0,3824.7934,21
CLA-424-066,CLA-424-0618,1842.0,2228.95,1842,4458.0,3684.2975,21
CLA-424-071,CLA-424-071,3624.0,4384.95,3624,8771.0,7248.7603,21
CLA-424-071,CLA-424-072,3518.0,4256.95,3518,8514.0,7036.3636,21
CLA-424-071,CLA-424-073,3378.0,4086.95,3378,8175.0,6756.1983,21
CLA-424-082,CLA-424-082,1734.0,2097.95,1734,4197.0,3468.595,21
CLA-424-082,CLA-424-083,1678.0,2029.95,1678,4061.0,3356.1983,21
CLA-424-124,CLA-424-124,3216.0,3890.95,3216,7783.0,6432.2314,21
CLA-424-124,CLA-424-125,3088.0,3735.95,3088,7473.0,6176.0331,21
CLA-424-124,CLA-424-129,3064.0,3706.95,3064,7415.0,6128.0992,21
CLA-424-126,CLA-424-126,3340.0,4040.95,3340,8083.0,6680.1653,21
CLA-424-126,CLA-424-127,2898.0,3506.95,2898,7014.0,5796.6942,21
CLA-424-2011B,CLA-424-2011B,6028.0,7293.95,6028,14588.0,12056.1983,21
CLA-424-2011B,CLA-424-2012B,6006.0,7266.95,6006,14535.0,12012.3967,21
CLA-424-2011B,CLA-424-2013B,6006.0,7266.95,6006,14535.0,12012.3967,21
CLA-424-2011C,CLA-424-2011C,6364.0,7699.95,6364,15401.0,12728.0992,21
CLA-424-2011C,CLA-424-2012C,6342.0,7673.95,6342,15348.0,12684.2975,21
CLA-424-2011C,CLA-424-2013C,6342.0,7673.95,6342,15348.0,12684.2975,21
CLA-424-2012A,CLA-424-2012A,6106.0,7387.95,6106,14777.0,12212.3967,21
CLA-424-2012A,CLA-424-2013A,6106.0,7387.95,6106,14777.0,12212.3967,21
CLA-424-215A,CLA-424-215A,3518.0,4256.95,3518,8514.0,7036.3636,21
CLA-424-215A,CLA-424-215B,3570.0,4319.95,3570,8640.0,7140.4959,21
CLA-424-215A,CLA-424-215C,3360.0,4065.95,3360,8132.0,6720.6612,21
CLA-424-275A,CLA-424-275A,818.0,989.95,818,1980.0,1636.3636,21
CLA-424-275A,CLA-424-275B,878.0,1061.95,878,2125.0,1756.1983,21
CLA-424-275A,CLA-424-275C,878.0,1061.95,878,2125.0,1756.1983,21
CLA-424-275A,CLA-424-275D,818.0,989.95,818,1980.0,1636.3636,21
CLA-424-275A,CLA-424-275F,878.0,1061.95,878,2125.0,1756.1983,21
CLA-424-275A,CLA-424-275G,818.0,989.95,818,1980.0,1636.3636,21
CLA-424-275A,CLA-424-275H,878.0,1061.95,878,2125.0,1756.1983,21
CLA-424-275A,CLA-424-275I,878.0,1061.95,878,2125.0,1756.1983,21
CLA-424-275A,CLA-424-275J,878.0,1061.95,878,2125.0,1756.1983,21
CLA-424-275A,CLA-424-275K,878.0,1061.95,878,2125.0,1756.1983,21
CLA-424-275A,CLA-025V-2710,818.0,989.95,818,1980.0,1636.3636,21
CLA-424-285A,CLA-424-285A,774.0,936.95,774,1874.0,1548.7603,21
CLA-424-285A,CLA-424-285B,812.0,982.95,812,1966.0,1624.7934,21
CLA-424-285A,CLA-424-285C,812.0,982.95,812,1966.0,1624.7934,21
CLA-424-285A,CLA-424-285D,774.0,936.95,774,1874.0,1548.7603,21
CLA-424-285A,CLA-424-285F,812.0,982.95,812,1966.0,1624.7934,21
CLA-424-285A,CLA-424-285G,774.0,936.95,774,1874.0,1548.7603,21
CLA-424-285A,CLA-424-285H,812.0,982.95,812,1966.0,1624.7934,21
CLA-424-285A,CLA-424-285I,812.0,982.95,812,1966.0,1624.7934,21
CLA-424-285A,CLA-424-285J,812.0,982.95,812,1966.0,1624.7934,21
CLA-424-285A,CLA-424-285K,812.0,982.95,812,1966.0,1624.7934,21
CLA-424-285A,CLA-025V-2810,812.0,982.95,812,1966.0,1624.7934,21
CLA-424-285A,CLA-025V-289,788.0,952.95,788,1906.0,1575.2066,21
CLA-424-414,CLA-424-414,640.0,773.95,640,1549.0,1280.1653,21
CLA-424-414,CLA-424-417,500.0,605,500,1210.0,1000.0,21
CLA-425V-061,CLA-425V-061,1100.0,1331,1100,2662.0,2200.0,21
CLA-425V-061,CLA-425V-062,1100.0,1331,1100,2662.0,2200.0,21
CLA-425V-0610,CLA-425V-0610,1560.0,1887.95,1560,3776.0,3120.6612,21
CLA-425V-0610,CLA-425V-069,1820.0,2201.95,1820,4405.0,3640.4959,21
CLA-425V-0616,CLA-425V-0616,2080.0,2516.95,2080,5034.0,4160.3306,21
CLA-425V-0616,CLA-425V-0617,2230.0,2697.95,2230,5397.0,4460.3306,21
CLA-425V-063,CLA-425V-063,2080.0,2516.95,2080,5034.0,4160.3306,21
CLA-425V-063,CLA-425V-064,2230.0,2697.95,2230,5397.0,4460.3306,21
CLA-425V-066,CLA-425V-066,1850.0,2237.95,1850,4477.0,3700.0,21
CLA-425V-066,CLA-425V-067,1990.0,2407.95,1990,4816.0,3980.1653,21
CLA-425V-104,CLA-425V-104,3408.0,4123.95,3408,8248.0,6816.5289,21
CLA-425V-104,CLA-425V-124,3656.0,4423.95,3656,8848.0,7312.3967,21
CLA-425V-107,CLA-425V-107,2964.0,3585.95,2964,7173.0,5928.0992,21
CLA-425V-107,CLA-425V-127,3296.0,3987.95,3296,7977.0,6592.562,21
CLA-425V-109,CLA-425V-109,3390.0,4101.95,3390,8204.0,6780.1653,21
CLA-425V-109,CLA-425V-129,3776.0,4568.95,3776,9138.0,7552.0661,21
CLA-425V-291A,CLA-425V-291A,606.0,732.95,606,1467.0,1212.3967,21
CLA-425V-291A,CLA-425V-291B,606.0,732.95,606,1467.0,1212.3967,21
CLA-425V-401,CLA-425V-401,2476.0,2995.95,2476,5992.0,4952.0661,21
CLA-425V-401,CLA-425V-402,2348.0,2840.95,2348,5683.0,4696.6942,21
CLA-425V-4021,CLA-425V-4021,1568.0,1896.95,1568,3795.0,3136.3636,21
CLA-425V-4021,CLA-425V-4018,2268.0,2743.95,2268,5489.0,4536.3636,21
CLA-5423-101-C,CLA-5423-101-C,2016.0,2438.95,2016,4879.0,4032.2314,21
CLA-5423-101-C,CLA-5423-121-C,2144.0,2593.95,2144,5189.0,4288.4298,21
CLA-5423-102-A,CLA-5423-102-A,2136.0,2584.95,2136,5170.0,4272.7273,21
CLA-5423-102-A,CLA-5423-122-A,2354.0,2847.95,2354,5697.0,4708.2645,21
CLA-5423-102-C,CLA-5423-102-C,2136.0,2584.95,2136,5170.0,4272.7273,21
CLA-5423-102-C,CLA-5423-122-C,2354.0,2847.95,2354,5697.0,4708.2645,21
CLA-5423-104-B,CLA-5423-104-B,1878.0,2271.95,1878,4545.0,3756.1983,21
CLA-5423-104-B,CLA-5423-124-C,3084.0,3731.95,3084,7463.0,6167.7686,21
CLA-5423-104P-A,CLA-5423-104P-A,254.8,307.95,254.8,617.0,509.9174,21
CLA-5423-104P-A,CLA-5423-104P-B,364.0,439.95,364,881.0,728.0992,21
CLA-5423-104P-A,CLA-5423-104P-C,364.0,439.95,364,881.0,728.0992,21
CLA-5423-124P-A,CLA-5423-124P-A,398.0,481.95,398,964.0,796.6942,21
CLA-5423-124P-A,CLA-5423-124P-B,398.0,481.95,398,964.0,796.6942,21
CLA-5423-124P-A,CLA-5423-124P-C,398.0,481.95,398,964.0,796.6942,21
CLA-5423-125-C,CLA-5423-125-C,2368.0,2864.95,2368,5731.0,4736.3636,21
CLA-5423-125-C,CLA-5423-125-B,2368.0,2864.95,2368,5731.0,4736.3636,21
M050-017-SEC4-A,M050-017-SEC4-A,1910.0,2310.95,1910,4623.0,3820.6612,21
M050-017-SEC4-A,M050-017-SEC2-A,3668.0,4437.95,3668,8877.0,7336.3636,21
M090-018-CR1-A,M090-018-CR1-A,1648.0,1993.95,1648,3989.0,3296.6942,21
M090-018-CR1-A,M090-018-LS1-A,1274.0,1541.95,1274,3084.0,2548.7603,21
M090-018-CR1-A,M090-018-RS1-A,1274.0,1541.95,1274,3084.0,2548.7603,21
M090-018-CR1-A,M090-018-SEC2-A,2548.0,3082.95,2548,6167.0,5096.6942,21
M090-018-CR1-A,M090-018-SEC1-A,4196.0,5076.95,4196,10155.0,8392.562,21
M110-019-231-A,M110-019-231-A,878.0,1061.95,878,2125.0,1756.1983,21
M110-019-231-A,M110-019-231-C,946.0,1144.95,946,2290.0,1892.562,21
M110-019-234-A,M110-019-234-A,1478.0,1787.95,1478,3577.0,2956.1983,21
M110-019-234-A,M110-019-234-B,1888.0,2283.95,1888,4569.0,3776.0331,21
M113-019-102,M113-019-102,1996.0,2414.95,1996,4831.0,3992.562,21
M113-019-102,M113-019-122,2280.0,2758.95,2280,5518.0,4560.3306,21
M140-022-AL1-A,M140-022-AL1-A,1104.0,1335.95,1104,2672.0,2208.2645,21
M140-022-AL1-A,M140-022-LL1-A,1234.0,1492.95,1234,2987.0,2468.595,21
M140-022-AL1-A,M140-022-RL1-A,1234.0,1492.95,1234,2987.0,2468.595,21
M140-022-AL1-A,M140-022-WE1-A,922.0,1115.95,922,2232.0,1844.6281,21
M142-022-293,M142-022-293,568.0,686.95,568,1375.0,1136.3636,21
M142-022-293,M142-022-294,568.0,686.95,568,1375.0,1136.3636,21
M142-023-301,M142-023-301,600.0,726,600,1452.0,1200.0,21
M142-023-301,M142-023-302,600.0,726,600,1452.0,1200.0,21
M142-023-311,M142-023-311,578.0,698.95,578,1399.0,1156.1983,21
M142-023-311,M142-023-312,578.0,698.95,578,1399.0,1156.1983,21
M143-022-102,M143-022-102,1622.0,1962.95,1622,3926.0,3244.6281,21
M143-022-102,M143-022-122,1818.0,2199.95,1818,4400.0,3636.3636,21
M150-023-011-A,M150-023-011-A,2028.0,2453.95,2028,4908.0,4056.1983,21
M150-023-011-A,M150-023-012-A,2196.0,2656.95,2196,5315.0,4392.562,21
M150-023-131-A,M150-023-131-A,936.0,1132.95,936,2266.0,1872.7273,21
M150-023-131-A,M150-023-131-B,936.0,1132.95,936,2266.0,1872.7273,21
M150-023-131-A,M150-023-131-C,936.0,1132.95,936,2266.0,1872.7273,21
M150-023-AC1-A,M150-023-AC1-A,684.0,827.95,684,1656.0,1368.595,21
M150-023-AC1-A,M150-023-WE1-A,838.0,1013.95,838,2028.0,1676.0331,21
M150-023-AC1-A,M150-023-041-A,526.0,635.95,526,1273.0,1052.0661,21
M150-023-AC1-B,M150-023-AC1-B,924.0,1117.95,924,2237.0,1848.7603,21
M150-023-AC1-B,M150-023-WE1-B,1092.0,1320.95,1092,2643.0,2184.2975,21
M150-023-AC1-B,M150-023-041-B,762.0,921.95,762,1845.0,1524.7934,21
M150-023-LH1-A,M150-023-LH1-A,1736.0,2100.95,1736,4202.0,3472.7273,21
M150-023-LH1-A,M150-023-RH1-A,1736.0,2100.95,1736,4202.0,3472.7273,21
M150-023-LH1-B,M150-023-LH1-B,1736.0,2100.95,1736,4202.0,3472.7273,21
M150-023-LH1-B,M150-023-RH1-B,1736.0,2100.95,1736,4202.0,3472.7273,21
M151-023-402,M151-023-402,2888.0,3493.95,2888,6989.0,5776.0331,21
M151-023-402,M151-424-401,2888.0,3493.95,2888,6989.0,5776.0331,21
M151-023-412,M151-023-412,1658.0,2005.95,1658,4013.0,3316.5289,21
M151-023-412,M151-424-411,1658.0,2005.95,1658,4013.0,3316.5289,21
SGU-017-232-A,SGU-017-232-A,4082.0,4938.95,4082,9879.0,8164.4628,21
SGU-017-232-A,SGU-017-233-A,5444.0,6586.95,5444,13175.0,10888.4298,21
SIG-021-423,SIG-021-423,722.0,873.95,722,1748.0,1444.6281,21
SIG-021-423,SIG-021-422,1048.0,1267.95,1048,2537.0,2096.6942,21
SIG-023-402,SIG-023-402,1460.0,1766.95,1460,3534.0,2920.6612,21
SIG-023-402,SIG-023-401,2594.0,3138.95,2594,6278.0,5188.4298,21
SIG-023-402,SIG-023-411,1418.0,1715.95,1418,3432.0,2836.3636,21
UPH-024-014-A,UPH-024-014-A,2088.0,2525.95,2088,5053.0,4176.0331,21
UPH-024-014-A,UPH-024-011-A,2322.0,2809.95,2322,5620.0,4644.6281,21
UPH-024-041-A,UPH-024-041-A,888.0,1073.95,888,2149.0,1776.0331,21
UPH-024-041-A,UPH-024-041-B,900.0,1089,900,2178.0,1800.0,21
UPH-024-131-A,UPH-024-131-A,1484.0,1795.95,1484,3592.0,2968.595,21
UPH-024-131-A,UPH-024-134-A,1420.0,1717.95,1420,3437.0,2840.4959,21
UPH-024-232-A,UPH-024-232-A,1876.0,2269.95,1876,4540.0,3752.0661,21
UPH-024-232-A,UPH-024-233-A,2114.0,2557.95,2114,5116.0,4228.0992,21
UPH-024-AC1-A,UPH-024-AC1-A,1196.0,1446.95,1196,2895.0,2392.562,21
UPH-024-AC1-A,UPH-024-AS1-A,1818.0,2199.95,1818,4400.0,3636.3636,21
UPH-024-AC1-A,UPH-024-CRL1-A,1266.0,1531.95,1266,3064.0,2532.2314,21
UPH-024-AC1-A,UPH-024-CRR1-A,1266.0,1531.95,1266,3064.0,2532.2314,21
UPH-024-AC1-A,UPH-024-CHL1-A,2474.0,2993.95,2474,5988.0,4948.7603,21
UPH-024-AC1-A,UPH-024-CHR1-A,2474.0,2993.95,2474,5988.0,4948.7603,21
UPH-024-AC1-B,UPH-024-AC1-B,1222.0,1478.95,1222,2958.0,2444.6281,21
UPH-024-AC1-B,UPH-024-AS1-B,1868.0,2259.95,1868,4521.0,3736.3636,21
UPH-024-AC1-B,UPH-024-CRL1-B,1288.0,1557.95,1288,3117.0,2576.0331,21
UPH-024-AC1-B,UPH-024-CRR1-B,1288.0,1557.95,1288,3117.0,2576.0331,21
UPH-024-AC1-B,UPH-024-CHL1-B,2598.0,3143.95,2598,6288.0,5196.6942,21
UPH-024-AC1-B,UPH-024-CHR1-B,2598.0,3143.95,2598,6288.0,5196.6942,21
UPH-024-LH1-A,UPH-024-LH1-A,1888.0,2283.95,1888,4569.0,3776.0331,21
UPH-024-LH1-A,UPH-024-RH1-A,1888.0,2283.95,1888,4569.0,3776.0331,21
UPH-024-LS1-A,UPH-024-LS1-A,1804.0,2182.95,1804,4366.0,3608.2645,21
UPH-024-LS1-A,UPH-024-RS1-A,1804.0,2182.95,1804,4366.0,3608.2645,21
UPH-025V-035-B,UPH-025V-035-B,1078.0,1303.95,1078,2609.0,2156.1983,21
UPH-025V-035-B,UPH-025V-035-C,1048.0,1267.95,1048,2537.0,2096.6942,21
UPH-025V-035-B,M100-419-032-C,1058.0,1279.95,1058,2561.0,2116.5289,21
UPH-025V-CR1-D,UPH-025V-CR1-D,662.0,800.95,662,1603.0,1324.7934,21
UPH-025V-CR1-D,M050-017-SEC3-A,1834.0,2218.95,1834,4439.0,3668.595,21
UPH-025V-CR1-D,UPH-025V-AC1-D,586.0,708.95,586,1418.0,1171.9008,21
UPH-419-231-B,UPH-419-231-B,2398.0,2901.95,2398,5804.0,4796.6942,21
UPH-419-231-B,UPH-419-231-C,2398.0,2901.95,2398,5804.0,4796.6942,21
UPH-419-231-B,UPH-419-231-D,2398.0,2901.95,2398,5804.0,4796.6942,21
UPH-423-AS1-B,UPH-423-AS1-B,966.0,1168.95,966,2338.0,1932.2314,21
UPH-423-AS1-B,UPH-423-WE1-B,1082.0,1308.95,1082,2619.0,2164.4628,21
UPH-423-AS1-B,UPH-423-LS1-B,1692.0,2046.95,1692,4095.0,3384.2975,21
UPH-423-AS1-B,UPH-423-RS1-B,1692.0,2046.95,1692,4095.0,3384.2975,21
UPH-423-LS1-A,UPH-423-LS1-A,1726.0,2087.95,1726,4177.0,3452.0661,21
UPH-423-LS1-A,UPH-423-RS1-A,1726.0,2087.95,1726,4177.0,3452.0661,21
UPH-423-LS1-A,UPH-423-WE1-A,1104.0,1335.95,1104,2672.0,2208.2645,21
UPH-423-LS1-A,UPH-423-AS1-A,986.0,1192.95,986,2387.0,1972.7273,21
UPH-424-211-A,UPH-424-211-A,2862.0,3462.95,2862,6927.0,5724.7934,21
UPH-424-211-A,UPH-424-212-A,3204.0,3876.95,3204,7754.0,6408.2645,21
UPH-424-213-A,UPH-424-213-A,2416.0,2922.95,2416,5847.0,4832.2314,21
UPH-424-213-A,UPH-424-213-B,2416.0,2922.95,2416,5847.0,4832.2314,21
UPH-424-213-A,UPH-424-213-C,2416.0,2922.95,2416,5847.0,4832.2314,21
UPH-424-213-A,UPH-424-213-D,2416.0,2922.95,2416,5847.0,4832.2314,21
UPH-424-232-A,UPH-424-232-A,1340.0,1620.95,1340,3243.0,2680.1653,21
UPH-424-232-A,UPH-424-232-C,1314.0,1589.95,1314,3180.0,2628.0992,21
UPH-424-232-A,UPH-424-232-D,1314.0,1589.95,1314,3180.0,2628.0992,21
UPH-424-AC2-A,UPH-424-AC2-A,956.0,1156.95,956,2314.0,1912.3967,21
UPH-424-AC2-A,UPH-424-LH2-A,1328.0,1606.95,1328,3214.0,2656.1983,21
UPH-424-AC2-A,UPH-424-LL2-A,1328.0,1606.95,1328,3214.0,2656.1983,21
UPH-424-AC2-A,UPH-424-RH2-A,1328.0,1606.95,1328,3214.0,2656.1983,21
UPH-424-AC2-A,UPH-424-RL2-A,1328.0,1606.95,1328,3214.0,2656.1983,21
UPH-424-AC2-A,UPH-424-WE2-A,1272.0,1538.95,1272,3079.0,2544.6281,21
UPH-424-LH1-C,UPH-424-LH1-C,2010.0,2431.95,2010,4865.0,4020.6612,21
UPH-424-LH1-C,UPH-424-RH1-C,2010.0,2431.95,2010,4865.0,4020.6612,21
UPH-424-LH1-C,UPH-424-LS1-C,2042.0,2470.95,2042,4942.0,4084.2975,21
UPH-424-LH1-C,UPH-424-RS1-C,2042.0,2470.95,2042,4942.0,4084.2975,21
UPH-424-LH1-C,UPH-424-WE1-C,1414.0,1710.95,1414,3422.0,2828.0992,21
UPH-424-LH1-D,UPH-424-LH1-D,2010.0,2431.95,2010,4865.0,4020.6612,21
UPH-424-LH1-D,UPH-424-RH1-D,2010.0,2431.95,2010,4865.0,4020.6612,21
UPH-424-LH1-D,UPH-424-LS1-D,2042.0,2470.95,2042,4942.0,4084.2975,21
UPH-424-LH1-D,UPH-424-RS1-D,2042.0,2470.95,2042,4942.0,4084.2975,21
UPH-424-LH1-D,UPH-424-WE1-D,1414.0,1710.95,1414,3422.0,2828.0992,21
UPH-424-LH1-E,UPH-424-LH1-E,2010.0,2431.95,2010,4865.0,4020.6612,21
UPH-424-LH1-E,UPH-424-RH1-E,2010.0,2431.95,2010,4865.0,4020.6612,21
UPH-424-LH1-E,UPH-424-LS1-E,2042.0,2470.95,2042,4942.0,4084.2975,21
UPH-424-LH1-E,UPH-424-RS1-E,2042.0,2470.95,2042,4942.0,4084.2975,21
UPH-424-LH1-E,UPH-424-WE1-E,1414.0,1710.95,1414,3422.0,2828.0992,21
UPH-424-LH1-F,UPH-424-LH1-F,2010.0,2431.95,2010,4865.0,4020.6612,21
UPH-424-LH1-F,UPH-424-RH1-F,2010.0,2431.95,2010,4865.0,4020.6612,21
UPH-424-LH1-F,UPH-424-LS1-F,2042.0,2470.95,2042,4942.0,4084.2975,21
UPH-424-LH1-F,UPH-424-RS1-F,2042.0,2470.95,2042,4942.0,4084.2975,21
UPH-424-LH1-F,UPH-424-WE1-F,1414.0,1710.95,1414,3422.0,2828.0992,21
UPH-425V-013-A,UPH-425V-013-A,3726.0,4507.95,3726,9017.0,7452.0661,21
UPH-425V-013-A,UPH-425V-014-A,4310.0,5214.95,4310,10431.0,8620.6612,21
UPH-425V-AC2-A,UPH-425V-AC2-A,1170.0,1415.95,1170,2832.0,2340.4959,21
UPH-425V-AC2-A,UPH-425V-CR2-A,1556.0,1882.95,1556,3766.0,3112.3967,21
UPH-425V-AC2-A,UPH-425V-CRL2-A,1552.0,1877.95,1552,3756.0,3104.1322,21
UPH-425V-AC2-A,UPH-425V-CRR2-A,1552.0,1877.95,1552,3756.0,3104.1322,21
UPH-425V-AC2-A,UPH-425V-LH2-A,1634.0,1976.95,1634,3955.0,3268.595,21
UPH-425V-AC2-A,UPH-425V-RH2-A,1634.0,1976.95,1634,3955.0,3268.595,21
UPH-425V-CR6-A,UPH-425V-CR6-A,1524.0,1843.95,1524,3689.0,3048.7603,21
UPH-425V-CR6-A,UPH-425V-LL6-A,2428.0,2937.95,2428,5876.0,4856.1983,21
UPH-425V-CR6-A,UPH-425V-RL6-A,2428.0,2937.95,2428,5876.0,4856.1983,21
UPH-425V-LH5-B,UPH-425V-LH5-B,2688.0,3251.95,2688,6505.0,5376.0331,21
UPH-425V-LH5-B,UPH-425V-RH5-B,2688.0,3251.95,2688,6505.0,5376.0331,21
UPH-425V-LL1-A,UPH-425V-LL1-A,1444.0,1746.95,1444,3495.0,2888.4298,21
UPH-425V-LL1-A,UPH-425V-RL1-A,1444.0,1746.95,1444,3495.0,2888.4298,21
UPH-425V-LL5-B,UPH-425V-LL5-B,2730.0,3302.95,2730,6607.0,5460.3306,21
UPH-425V-LL5-B,UPH-425V-RL5-B,2730.0,3302.95,2730,6607.0,5460.3306,21
UPH-425V-LL7-B,UPH-425V-LL7-B,3316.0,4011.95,3316,8025.0,6632.2314,21
UPH-425V-LL7-B,UPH-425V-RL7-B,3316.0,4011.95,3316,8025.0,6632.2314,21
UPH-425V-LS8-A,UPH-425V-LS8-A,2662.0,3220.95,2662,6443.0,5324.7934,21
UPH-425V-LS8-A,UPH-425V-RS8-A,2662.0,3220.95,2662,6443.0,5324.7934,21
UPH-425V-WE5-1B,UPH-425V-WE5-1B,4174.0,5050.95,4174,10102.0,8348.7603,21
UPH-425V-WE5-1B,UPH-425V-WE5-2B,4832.0,5846.95,4832,11694.0,9664.4628,21
UPH-425V-WE5-1B,UPH-425V-WE5-4B,2446.0,2959.95,2446,5920.0,4892.562,21
